{
  "method": "PARK",
  "tx_cam_to_ee": [
    [
      0.9685318377826534,
      0.11528461627489688,
      0.22058000011720505,
      0.1
    ],
    [
      0.09704359351995002,
      -0.9910325500595158,
      0.09185328344305202,
      0.018
    ],
    [
      0.22919123054360346,
      -0.06755695354946542,
      -0.9710342104524563,
      0.13
    ],
    [
      0.0,
      0.0,
      0.0,
      1.0
    ]
  ],
  "tx_ee_to_cam": [
    [
      0.968531837782653,
      0.09704359351994962,
      0.22919123054360327,
      -0.12839482843229283
    ],
    [
      0.11528461627489711,
      -0.9910325500595142,
      -0.06755695354946548,
      0.015092528235012054
    ],
    [
      0.22058000011720494,
      0.09185328344305171,
      -0.9710342104524554,
      0.10252308824512378
    ],
    [
      0.0,
      0.0,
      0.0,
      1.0
    ]
  ],
  "num_poses": 15,
  "avg_translation_error_mm": 5.893891452246677,
  "note": "UMI gripper measurements: X=100mm, Y=18mm, Z=130mm"
}