{
  "method": "PARK",
  "tx_cam_to_ee": [
    [
      0.9535813331850157,
      0.10114967872582656,
      0.2836395309098332,
      0.12513219980796073
    ],
    [
      0.07563468605734973,
      -0.9921552149048661,
      0.09953604272867664,
      0.03258414785494303
    ],
    [
      0.29148247848900666,
      -0.07346272545135266,
      -0.9537511167506776,
      0.1071736526009892
    ],
    [
      0.0,
      0.0,
      0.0,
      1.0
    ]
  ],
  "tx_ee_to_cam": [
    [
      0.9535813331850156,
      0.0756346860573498,
      0.2914824784890068,
      -0.15302746359955993
    ],
    [
      0.10114967872582656,
      -0.9921552149048661,
      -0.07346272545135299,
      0.027544719025326923
    ],
    [
      0.2836395309098332,
      0.09953604272867635,
      -0.9537511167506779,
      0.06348125526603002
    ],
    [
      0.0,
      0.0,
      0.0,
      1.0
    ]
  ],
  "num_poses": 15,
  "avg_translation_error_mm": 16.855799694791475
}