{
  "min_width": 0.0032180014079818886,
  "max_width": 0.7374687064862343,
  "num_samples": 5181
}