{
  "min_width": 0.05733178768996496,
  "max_width": 0.17849807100013923,
  "left_tag_id": 0,
  "right_tag_id": 1,
  "num_samples": 4451
}